<metadata xml:lang="en"><Esri><CreaDate>20120720</CreaDate><CreaTime>14175700</CreaTime><ArcGISFormat>1.0</ArcGISFormat><SyncOnce>FALSE</SyncOnce><DataProperties><itemProps><itemName Sync="TRUE">vtd2012_primary_rev20120720</itemName><imsContentType Sync="TRUE">002</imsContentType><nativeExtBox><westBL Sync="TRUE">189777.188900</westBL><eastBL Sync="TRUE">761579.938900</eastBL><southBL Sync="TRUE">4816289.640100</southBL><northBL Sync="TRUE">5472414.143700</northBL><exTypeCode Sync="TRUE">1</exTypeCode></nativeExtBox><itemSize Sync="TRUE">16.392</itemSize><itemLocation><linkage Sync="TRUE">file://\\ELECT57\D\GIS\Data\Redistricting\2012precincts\vtd2012_primary_rev20120720.shp</linkage><protocol Sync="TRUE">Local Area Network</protocol></itemLocation></itemProps><coordRef><type Sync="TRUE">Projected</type><geogcsn Sync="TRUE">GCS_North_American_1983</geogcsn><csUnits Sync="TRUE">Linear Unit: Meter (1.000000)</csUnits><projcsn Sync="TRUE">NAD_1983_UTM_Zone_15N</projcsn><peXml Sync="TRUE">&lt;ProjectedCoordinateSystem xsi:type='typens:ProjectedCoordinateSystem' xmlns:xsi='http://www.w3.org/2001/XMLSchema-instance' xmlns:xs='http://www.w3.org/2001/XMLSchema' xmlns:typens='http://www.esri.com/schemas/ArcGIS/10.0'&gt;&lt;WKT&gt;PROJCS[&amp;quot;NAD_1983_UTM_Zone_15N&amp;quot;,GEOGCS[&amp;quot;GCS_North_American_1983&amp;quot;,DATUM[&amp;quot;D_North_American_1983&amp;quot;,SPHEROID[&amp;quot;GRS_1980&amp;quot;,6378137.0,298.257222101]],PRIMEM[&amp;quot;Greenwich&amp;quot;,0.0],UNIT[&amp;quot;Degree&amp;quot;,0.0174532925199433]],PROJECTION[&amp;quot;Transverse_Mercator&amp;quot;],PARAMETER[&amp;quot;False_Easting&amp;quot;,500000.0],PARAMETER[&amp;quot;False_Northing&amp;quot;,0.0],PARAMETER[&amp;quot;Central_Meridian&amp;quot;,-93.0],PARAMETER[&amp;quot;Scale_Factor&amp;quot;,0.9996],PARAMETER[&amp;quot;Latitude_Of_Origin&amp;quot;,0.0],UNIT[&amp;quot;Meter&amp;quot;,1.0],AUTHORITY[&amp;quot;EPSG&amp;quot;,26915]]&lt;/WKT&gt;&lt;XOrigin&gt;-5120900&lt;/XOrigin&gt;&lt;YOrigin&gt;-9998100&lt;/YOrigin&gt;&lt;XYScale&gt;450445547.3910538&lt;/XYScale&gt;&lt;ZOrigin&gt;-100000&lt;/ZOrigin&gt;&lt;ZScale&gt;10000&lt;/ZScale&gt;&lt;MOrigin&gt;-100000&lt;/MOrigin&gt;&lt;MScale&gt;10000&lt;/MScale&gt;&lt;XYTolerance&gt;0.001&lt;/XYTolerance&gt;&lt;ZTolerance&gt;0.001&lt;/ZTolerance&gt;&lt;MTolerance&gt;0.001&lt;/MTolerance&gt;&lt;HighPrecision&gt;true&lt;/HighPrecision&gt;&lt;WKID&gt;26915&lt;/WKID&gt;&lt;/ProjectedCoordinateSystem&gt;</peXml></coordRef></DataProperties><SyncDate>20120720</SyncDate><SyncTime>14332300</SyncTime><ModDate>20120720</ModDate><ModTime>15221600</ModTime><ArcGISProfile>FGDC</ArcGISProfile></Esri><eainfo><detailed Name="vtd2012_primary_rev20120720" xmlns=""><enttyp><enttypl>2012vtd_primary_rev20120720</enttypl><enttypd>Voting districts within the state of Minnesota</enttypd><enttypt Sync="TRUE">Feature Class</enttypt><enttypc Sync="TRUE">4102</enttypc></enttyp><attr xmlns=""><attrlabl>Shape</attrlabl><attrdef>Feature geometry.</attrdef><attrdefs>ESRI</attrdefs><attrdomv><udom>Coordinates defining the features.</udom></attrdomv><attalias Sync="TRUE">Shape</attalias><attrtype Sync="TRUE">Geometry</attrtype><attwidth Sync="TRUE">0</attwidth><atprecis Sync="TRUE">0</atprecis><attscale Sync="TRUE">0</attscale></attr><attr xmlns=""><attrlabl>ShortLabel</attrlabl><attrdef>Shortened precinct name for labeling purposes</attrdef><attrtype Sync="TRUE">String</attrtype><attwidth Sync="TRUE">50</attwidth><attalias Sync="TRUE">ShortLabel</attalias><atprecis Sync="TRUE">0</atprecis><attscale Sync="TRUE">0</attscale></attr><attr xmlns=""><attrlabl Sync="TRUE">VTD</attrlabl><attalias Sync="TRUE">VTD</attalias><attrtype Sync="TRUE">String</attrtype><attwidth Sync="TRUE">12</attwidth><atprecis Sync="TRUE">0</atprecis><attscale Sync="TRUE">0</attscale><attrdef>"Vote Tabulation District"  A concetenation of 27 (state FIPS code), county FIPS code, and precinct code</attrdef></attr><attr xmlns=""><attrlabl Sync="TRUE">CountyName</attrlabl><attalias Sync="TRUE">CountyName</attalias><attrtype Sync="TRUE">String</attrtype><attwidth Sync="TRUE">254</attwidth><atprecis Sync="TRUE">0</atprecis><attscale Sync="TRUE">0</attscale></attr><attr xmlns=""><attrlabl Sync="TRUE">CountyCode</attrlabl><attalias Sync="TRUE">CountyCode</attalias><attrtype Sync="TRUE">Double</attrtype><attwidth Sync="TRUE">19</attwidth><atprecis Sync="TRUE">18</atprecis><attscale Sync="TRUE">11</attscale><attrdef>Minnesota Counties, 1-87</attrdef></attr><attr xmlns=""><attrlabl Sync="TRUE">CountyFIPS</attrlabl><attalias Sync="TRUE">CountyFIPS</attalias><attrtype Sync="TRUE">SmallInteger</attrtype><attwidth Sync="TRUE">4</attwidth><atprecis Sync="TRUE">4</atprecis><attscale Sync="TRUE">0</attscale></attr><attr xmlns=""><attrlabl Sync="TRUE">PctCode</attrlabl><attalias Sync="TRUE">PctCode</attalias><attrtype Sync="TRUE">String</attrtype><attwidth Sync="TRUE">254</attwidth><atprecis Sync="TRUE">0</atprecis><attscale Sync="TRUE">0</attscale><attrdef>Each precinct is assigned a four digit code, unique within each county</attrdef></attr><attr xmlns=""><attrlabl Sync="TRUE">PctName</attrlabl><attalias Sync="TRUE">PctName</attalias><attrtype Sync="TRUE">String</attrtype><attwidth Sync="TRUE">254</attwidth><atprecis Sync="TRUE">0</atprecis><attscale Sync="TRUE">0</attscale><attrdef>Name given to the precinct</attrdef></attr><attr xmlns=""><attrlabl>FID</attrlabl><attrdef>Internal feature number</attrdef><attrdefs>ESRI</attrdefs><attrdomv><udom>Sequential unique whole numbers that are automatically generated.</udom></attrdomv><attrtype Sync="TRUE">OID</attrtype><attwidth Sync="TRUE">4</attwidth><attalias Sync="TRUE">FID</attalias><atprecis Sync="TRUE">0</atprecis><attscale Sync="TRUE">0</attscale></attr><attr xmlns=""><attrlabl Sync="TRUE">MCDName</attrlabl><attalias Sync="TRUE">MCDName</attalias><attrtype Sync="TRUE">String</attrtype><attwidth Sync="TRUE">254</attwidth><atprecis Sync="TRUE">0</atprecis><attscale Sync="TRUE">0</attscale><attrdef>Municipality (city or town) that the precinct is in.  For unorganized territories, MCD name may not match the U.S. Census name and/or boundary for an MCD.</attrdef></attr><attr xmlns=""><attrlabl Sync="TRUE">Ward</attrlabl><attalias Sync="TRUE">Ward</attalias><attrtype Sync="TRUE">String</attrtype><attwidth Sync="TRUE">254</attwidth><atprecis Sync="TRUE">0</atprecis><attscale Sync="TRUE">0</attscale><attrdef>City Ward (if applicable)</attrdef></attr><attr xmlns=""><attrlabl Sync="TRUE">CongDist</attrlabl><attalias Sync="TRUE">CongDist</attalias><attrtype Sync="TRUE">String</attrtype><attwidth Sync="TRUE">254</attwidth><atprecis Sync="TRUE">0</atprecis><attscale Sync="TRUE">0</attscale><attrdef>U.S. Congressional District, 1-8</attrdef></attr><attr xmlns=""><attrlabl Sync="TRUE">LegDist</attrlabl><attalias Sync="TRUE">LegDist</attalias><attrtype Sync="TRUE">String</attrtype><attwidth Sync="TRUE">254</attwidth><atprecis Sync="TRUE">0</atprecis><attscale Sync="TRUE">0</attscale><attrdef>Minnesota Legislative District.  Two Legislative Districts nest within each Minnesota Senate District.  For example, Legislative Districts 1A and 1B together compose Senate District 1.  There are 67 Senate Districts and 134 Legislative Districts</attrdef></attr><attr xmlns=""><attrlabl Sync="TRUE">CtyComDist</attrlabl><attalias Sync="TRUE">CtyComDist</attalias><attrtype Sync="TRUE">String</attrtype><attwidth Sync="TRUE">254</attwidth><atprecis Sync="TRUE">0</atprecis><attscale Sync="TRUE">0</attscale><attrdef>County Commissioner District.  Most counties have 5.  Anoka, Dakota, Hennepin, Olmsted, Ramsey, and St. Louis have 7.</attrdef></attr><attr xmlns=""><attrlabl Sync="TRUE">JudDist</attrlabl><attalias Sync="TRUE">JudDist</attalias><attrtype Sync="TRUE">String</attrtype><attwidth Sync="TRUE">254</attwidth><atprecis Sync="TRUE">0</atprecis><attscale Sync="TRUE">0</attscale><attrdef>Judicial Districts, 1-10.  Are divided on a county-wide basis.</attrdef></attr><attr xmlns=""><attrlabl Sync="TRUE">SoilWDist</attrlabl><attalias Sync="TRUE">SoilWDist</attalias><attrtype Sync="TRUE">String</attrtype><attwidth Sync="TRUE">254</attwidth><atprecis Sync="TRUE">0</atprecis><attscale Sync="TRUE">0</attscale><attrdef>Soil and Water Conservation Districts.  In most counties one SWCD covers the whole county.  Otter Tail, Polk and St. Louis counties have two SWCD.  Washington County is the only county where SWCD supervisors are elected by district, not county-wide. </attrdef></attr><attr xmlns=""><attrlabl Sync="TRUE">ParkDist</attrlabl><attalias Sync="TRUE">ParkDist</attalias><attrtype Sync="TRUE">String</attrtype><attwidth Sync="TRUE">254</attwidth><atprecis Sync="TRUE">0</atprecis><attscale Sync="TRUE">0</attscale><attrdef>Park District, Minneapolis and Three Rivers (Hennepin County outside of Minneapolis) only</attrdef></attr><attr xmlns=""><attrlabl Sync="TRUE">HospDist</attrlabl><attalias Sync="TRUE">HospDist</attalias><attrtype Sync="TRUE">String</attrtype><attwidth Sync="TRUE">254</attwidth><atprecis Sync="TRUE">0</atprecis><attscale Sync="TRUE">0</attscale><attrdef>Hospital Districts
310 - Canby Community
320 - Cannon Falls
340 - Cook County
350 - Cuyuna Range
360 - Cook-Orr
410 - Dawson Area
710 - Glacial Ridge
720 - Lakewood
1320 - Milaca Area
1330 - Monticello-Big Lake Community
1340 - Moose Lake Community
1410 - North Pine Area
1420 - North Suburban
1430 - Northern Itasca
1620 - Paynesville Area
1640 - Perham
2110 - United</attrdef></attr></detailed><overview xmlns=""><eaover>Note: MCD and CTU_Code fields are based on Census designations, but do not always align with Census MCD names and FIPS codes, especially in unorganized territories.</eaover></overview></eainfo><dataIdInfo><envirDesc Sync="TRUE">Microsoft Windows 7 Version 6.1 (Build 7601) Service Pack 1; ESRI ArcGIS 10.0.3.3600</envirDesc><dataLang><languageCode value="eng" Sync="TRUE"/><countryCode value="USA" Sync="TRUE"/></dataLang><idCitation xmlns=""><resTitle Sync="TRUE">vtd2012_primary_rev20120720</resTitle><presForm xmlns=""><PresFormCd value="005" Sync="TRUE"/></presForm></idCitation><spatRpType><SpatRepTypCd value="001" Sync="TRUE"/></spatRpType><dataExt xmlns=""><geoEle xmlns=""><GeoBndBox esriExtentType="search"><exTypeCode Sync="TRUE">1</exTypeCode><westBL Sync="TRUE">-97.269828</westBL><eastBL Sync="TRUE">-89.398161</eastBL><northBL Sync="TRUE">49.404414</northBL><southBL Sync="TRUE">43.435244</southBL></GeoBndBox></geoEle></dataExt><placeKeys xmlns=""><keyword>Minnesota, USA</keyword></placeKeys><themeKeys xmlns=""><keyword>voting district, voting precinct, precinct, election district, VTD</keyword></themeKeys><tempKeys xmlns=""><keyword>2012, post-redistricting</keyword></tempKeys><idPurp>Geographic database of voting precincts for the State of Minnesota</idPurp><idCredit>Office of the Minnesota Secretary of State, U.S. Census Bueau, Dakota County, Hennepin County</idCredit><searchKeys><keyword>precincts</keyword><keyword>voting precincts</keyword><keyword>VTD</keyword><keyword>vote tabulation districts</keyword></searchKeys><resConst xmlns=""><Consts xmlns=""><useLimit>Office of the Minnesota Secretary of State maintains this data as accurately as possible, but cannot assure 100% accuracy. For definitive precinct lines, please contact the jurisdiction (city, township, or county for unorganized territory) in question. To find polling places, use the Secretary of State's Polling Place Finder: http://pollfinder.sos.state.mn.us.

Aside from Hennepin and Dakota County precincts, precinct boundaries are based on 2010 U.S. Census blocks, and may not align with current municipal boundaries.  Municipal annexations and detachments since January 1, 2010 may not be incorporated into this dataset.</useLimit></Consts></resConst><idAbs>&lt;DIV STYLE="text-align:Left;"&gt;&lt;DIV&gt;&lt;DIV&gt;&lt;P&gt;&lt;SPAN&gt;2012 (post-redistricting) voting precincts for the State of Minnesota, those to be used in the 2012 State Primary. Includes election district attributes for each precinct.&lt;/SPAN&gt;&lt;/P&gt;&lt;/DIV&gt;&lt;/DIV&gt;&lt;/DIV&gt;</idAbs><dataChar><CharSetCd value="004"/></dataChar><idPoC xmlns=""><rpIndName>Brad Neuhauser</rpIndName><rpOrgName>Office of the Minnesota Secretary of State, Elections Division</rpOrgName><rpPosName>GIS Specialist</rpPosName><rpCntInfo xmlns=""><cntAddress addressType="both"><delPoint>Room 180, State Office Building</delPoint><city>Saint Paul</city><adminArea>MN</adminArea><postCode>55155</postCode><eMailAdd>brad.neuhauser@state.mn.us</eMailAdd><country>USA</country><delPoint>100 Rev. Dr. Martin Luther King Jr. Blvd.</delPoint></cntAddress><cntPhone><voiceNum tddtty="">651-556-0648</voiceNum><faxNum>651-296-9073</faxNum></cntPhone></rpCntInfo><role><RoleCd value="002"/></role></idPoC><tpCat><TopicCatCd value="003"/></tpCat></dataIdInfo><mdLang><languageCode value="eng" Sync="TRUE"/><countryCode value="USA" Sync="TRUE"/></mdLang><distInfo xmlns=""><distFormat xmlns=""><formatName Sync="TRUE">Shapefile</formatName></distFormat><distTranOps xmlns=""><transSize Sync="TRUE">16.392</transSize></distTranOps></distInfo><mdHrLv><ScopeCd value="005" Sync="TRUE"/></mdHrLv><mdHrLvName Sync="TRUE">dataset</mdHrLvName><refSysInfo><RefSystem><refSysID><identCode code="26915" Sync="TRUE" value="26915"/><idCodeSpace Sync="TRUE">EPSG</idCodeSpace><idVersion Sync="TRUE">7.4.1</idVersion></refSysID></RefSystem></refSysInfo><spatRepInfo><VectSpatRep><geometObjs Name="vtd2012_primary_rev20120720"><geoObjTyp><GeoObjTypCd value="002" Sync="TRUE"/></geoObjTyp><geoObjCnt Sync="TRUE">4102</geoObjCnt></geometObjs><topLvl><TopoLevCd value="001" Sync="TRUE"/></topLvl></VectSpatRep></spatRepInfo><spdoinfo><ptvctinf><esriterm><efeatyp Sync="TRUE">Simple</efeatyp><efeageom code="4" Sync="TRUE"/><esritopo Sync="TRUE">FALSE</esritopo><efeacnt Sync="TRUE">4102</efeacnt><spindex Sync="TRUE">FALSE</spindex><linrefer Sync="TRUE">FALSE</linrefer></esriterm></ptvctinf></spdoinfo><mdDateSt Sync="TRUE">20120720</mdDateSt><mdChar><CharSetCd value="004"/></mdChar><mdContact xmlns=""><rpIndName>Brad Neuhauser</rpIndName><rpOrgName>Office of the Minnesota Secretary of State, Elections Division</rpOrgName><rpPosName>GIS Specialist</rpPosName><rpCntInfo xmlns=""><cntAddress addressType="both"><delPoint>Room 180, State Office Building</delPoint><city>Saint Paul</city><adminArea>MN</adminArea><postCode>55155</postCode><eMailAdd>brad.neuhauser@state.mn.us</eMailAdd><country>USA</country><delPoint>100 Rev. Dr. Martin Luther King, Jr. Blvd.</delPoint></cntAddress><cntPhone><voiceNum tddtty="">651-556-0648</voiceNum><faxNum>651-296-9073</faxNum></cntPhone></rpCntInfo><role><RoleCd value="002"/></role></mdContact><mdMaint xmlns=""><maintFreq><MaintFreqCd value="010"/></maintFreq></mdMaint><dqInfo xmlns=""><dataLineage><statement>Post-redistricting precinct boundary information was gathered from local municipalities and counties across Minnesota.  This was used, along with U.S. Census block data and Maptitude for Redistricting software, to compile precincts for most of the state.  Hennepin and Dakota counties submitted shapefiles which were merged in later. Cleanup was done along Hennepin and Dakota county boundaries, but some gaps may remain.  Precinct codes were joined with data from the Statewide Voter Registration System (SVRS) to add the election districts for each precinct.</statement></dataLineage></dqInfo></metadata>
